{
  "metrics": {
    "report/train_aug/coef_mse": 0.8088774681091309,
    "report/train_aug/coef_r2": -1.0211156207962828,
    "report/train_aug/coef_mse_amb_aware": 0.8088774681091309,
    "report/train_aug/field_mse_w": 0.28009009364287163,
    "report/train_aug/field_nrmse_w": 0.08347919408090074,
    "report/train_aug/spearman_rho_P": 0.9443528373739747,
    "report/train_aug/bin_accuracy_P": 0.5896500287331238,
    "report/val/coef_mse": 0.9561583399772644,
    "report/val/coef_r2": -0.9965787207390588,
    "report/val/coef_mse_amb_aware": 0.9385852217674255,
    "report/val/field_mse_w": 0.3771734384872381,
    "report/val/field_nrmse_w": 0.0862314742164141,
    "report/val/spearman_rho_P": 0.9845513371674792,
    "report/val/bin_accuracy_P": 0.6512088764742395,
    "report/test/coef_mse": 4615098.5,
    "report/test/coef_r2": -1059.9580841420654,
    "report/test/coef_mse_amb_aware": 4615098.5,
    "report/test/field_mse_w": 4635127292184100.0,
    "report/test/field_nrmse_w": 1145.3890129601384,
    "report/test/spearman_rho_P": 0.28523003771371147,
    "report/test/bin_accuracy_P": 0.12749878157006517,
    "report/holdout/coef_mse": 0.9895825386047363,
    "report/holdout/coef_r2": -1.0279578231122342,
    "report/holdout/coef_mse_amb_aware": 0.9697713255882263,
    "report/holdout/field_mse_w": 2.872741071785343,
    "report/holdout/field_nrmse_w": 0.19960447670083337,
    "report/holdout/spearman_rho_P": 0.9657510714599624,
    "report/holdout/bin_accuracy_P": 0.6228615766604593,
    "report/dummy/coef_mse": 0.043847277760505676,
    "report/dummy/coef_r2": -5.182781411589478,
    "report/dummy/coef_mse_amb_aware": 0.043847277760505676,
    "report/dummy/field_mse_w": 0.873527360628707,
    "report/dummy/field_nrmse_w": 10.234461278892411,
    "report/dummy/spearman_rho_P": -0.11195205340768366,
    "report/dummy/bin_accuracy_P": 0.11048683160415003
  },
  "experiment_name": "final_step2_features",
  "run_name": "2026-06-09_19-16-24"
}