{
  "metrics": {
    "report/train_aug/coef_mse": 0.8113120794296265,
    "report/train_aug/coef_r2": -1.0271989980319849,
    "report/train_aug/coef_mse_amb_aware": 0.8017891049385071,
    "report/train_aug/field_mse_w": 0.6719530292875094,
    "report/train_aug/field_nrmse_w": 0.12930009125058362,
    "report/train_aug/spearman_rho_P": 0.8517099639386264,
    "report/train_aug/bin_accuracy_P": 0.45119710741096364,
    "report/val/coef_mse": 0.9602744579315186,
    "report/val/coef_r2": -1.0051737039795063,
    "report/val/coef_mse_amb_aware": 0.9367119669914246,
    "report/val/field_mse_w": 0.9162609229511058,
    "report/val/field_nrmse_w": 0.13440172502934916,
    "report/val/spearman_rho_P": 0.9635247752819224,
    "report/val/bin_accuracy_P": 0.5114005276225947,
    "report/test/coef_mse": 3790075.5,
    "report/test/coef_r2": -870.2947628320375,
    "report/test/coef_mse_amb_aware": 3790075.5,
    "report/test/field_mse_w": 3343466951049737.0,
    "report/test/field_nrmse_w": 972.7935838216987,
    "report/test/spearman_rho_P": 0.4218178444670916,
    "report/test/bin_accuracy_P": 0.15124901192000312,
    "report/holdout/coef_mse": 0.9592592120170593,
    "report/holdout/coef_r2": -0.9658160648842209,
    "report/holdout/coef_mse_amb_aware": 0.9592592120170593,
    "report/holdout/field_mse_w": 6.149194564966696,
    "report/holdout/field_nrmse_w": 0.2920324775175016,
    "report/holdout/spearman_rho_P": 0.8861556965045543,
    "report/holdout/bin_accuracy_P": 0.4743095903165735,
    "report/dummy/coef_mse": 0.014832465909421444,
    "report/dummy/coef_r2": -1.0914844540383317,
    "report/dummy/coef_mse_amb_aware": 0.014832465909421444,
    "report/dummy/field_mse_w": 0.004296039159425103,
    "report/dummy/field_nrmse_w": 0.717729582265022,
    "report/dummy/spearman_rho_P": 0.09970182050515444,
    "report/dummy/bin_accuracy_P": 0.09175667287399131
  },
  "experiment_name": "final_step1_mixed",
  "run_name": "2026-06-09_07-13-05"
}