{
  "metrics": {
    "report/train_aug/coef_mse": 0.8143477439880371,
    "report/train_aug/coef_r2": -1.034784020091648,
    "report/train_aug/coef_mse_amb_aware": 0.811394453048706,
    "report/train_aug/field_mse_w": 1.2615482810684988,
    "report/train_aug/field_nrmse_w": 0.17716637998379103,
    "report/train_aug/spearman_rho_P": 0.9115008262788302,
    "report/train_aug/bin_accuracy_P": 0.45717179377133765,
    "report/val/coef_mse": 0.9187861084938049,
    "report/val/coef_r2": -0.9185407445574696,
    "report/val/coef_mse_amb_aware": 0.9187861084938049,
    "report/val/field_mse_w": 1.8155142910911797,
    "report/val/field_nrmse_w": 0.189188657884787,
    "report/val/spearman_rho_P": 0.9604819717104718,
    "report/val/bin_accuracy_P": 0.49866076970825574,
    "report/test/coef_mse": 4450109.0,
    "report/test/coef_r2": -1022.0288458755642,
    "report/test/coef_mse_amb_aware": 4450109.0,
    "report/test/field_mse_w": 5656745657616890.0,
    "report/test/field_nrmse_w": 1265.3349566797026,
    "report/test/spearman_rho_P": 0.41501686631742074,
    "report/test/bin_accuracy_P": 0.15525670682029796,
    "report/holdout/coef_mse": 0.95806884765625,
    "report/holdout/coef_r2": -0.9633766526160428,
    "report/holdout/coef_mse_amb_aware": 0.95806884765625,
    "report/holdout/field_mse_w": 8.779377949167424,
    "report/holdout/field_nrmse_w": 0.34894253225636696,
    "report/holdout/spearman_rho_P": 0.9379275370975233,
    "report/holdout/bin_accuracy_P": 0.4906660459342024,
    "report/dummy/coef_mse": 0.0483088381588459,
    "report/dummy/coef_r2": -5.811893600354091,
    "report/dummy/coef_mse_amb_aware": 0.0483088381588459,
    "report/dummy/field_mse_w": 0.31899086326846604,
    "report/dummy/field_nrmse_w": 6.184660335040394,
    "report/dummy/spearman_rho_P": -0.08137938994490161,
    "report/dummy/bin_accuracy_P": 0.09742839407643877
  },
  "experiment_name": "final_step1_rank",
  "run_name": "2026-06-09_07-13-09"
}