{
  "metrics": {
    "report/train_aug/coef_mse": 0.8009762167930603,
    "report/train_aug/coef_r2": -1.0013731035912978,
    "report/train_aug/coef_mse_amb_aware": 0.7955503463745117,
    "report/train_aug/field_mse_w": 0.7043404135933438,
    "report/train_aug/field_nrmse_w": 0.13237948198268115,
    "report/train_aug/spearman_rho_P": 0.9105446185788189,
    "report/train_aug/bin_accuracy_P": 0.46626052335505896,
    "report/val/coef_mse": 0.9687153697013855,
    "report/val/coef_r2": -1.0227993642112088,
    "report/val/coef_mse_amb_aware": 0.9679211378097534,
    "report/val/field_mse_w": 0.896276559348583,
    "report/val/field_nrmse_w": 0.1329279415400661,
    "report/val/spearman_rho_P": 0.9642601180133477,
    "report/val/bin_accuracy_P": 0.5083162631905649,
    "report/test/coef_mse": 3563722.75,
    "report/test/coef_r2": -818.2588829840842,
    "report/test/coef_mse_amb_aware": 3563722.75,
    "report/test/field_mse_w": 3101295420480038.0,
    "report/test/field_nrmse_w": 936.9011004660331,
    "report/test/spearman_rho_P": 0.21955360893638226,
    "report/test/bin_accuracy_P": 0.11762016386367163,
    "report/holdout/coef_mse": 0.9183337092399597,
    "report/holdout/coef_r2": -0.8819471698922348,
    "report/holdout/coef_mse_amb_aware": 0.9183337092399597,
    "report/holdout/field_mse_w": 6.488429894602197,
    "report/holdout/field_nrmse_w": 0.29997968438546535,
    "report/holdout/spearman_rho_P": 0.9268304379296137,
    "report/holdout/bin_accuracy_P": 0.4922261018001242,
    "report/dummy/coef_mse": 0.013145060278475285,
    "report/dummy/coef_r2": -0.8535481185364209,
    "report/dummy/coef_mse_amb_aware": 0.013145060278475285,
    "report/dummy/field_mse_w": 0.005352775729465378,
    "report/dummy/field_nrmse_w": 0.8011544601647622,
    "report/dummy/spearman_rho_P": -0.10654841944303578,
    "report/dummy/bin_accuracy_P": 0.13743637492240843
  },
  "experiment_name": "final_step2_features",
  "run_name": "2026-06-09_19-16-24"
}