{
  "metrics": {
    "report/train_aug/coef_mse": 0.8097211122512817,
    "report/train_aug/coef_r2": -1.0232236153120384,
    "report/train_aug/coef_mse_amb_aware": 0.8090988993644714,
    "report/train_aug/field_mse_w": 0.7631019334161183,
    "report/train_aug/field_nrmse_w": 0.13779093599263384,
    "report/train_aug/spearman_rho_P": 0.9228256557373553,
    "report/train_aug/bin_accuracy_P": 0.4870656236663951,
    "report/val/coef_mse": 0.9423921704292297,
    "report/val/coef_r2": -0.9678331291113704,
    "report/val/coef_mse_amb_aware": 0.9423921704292297,
    "report/val/field_mse_w": 0.9319637610636126,
    "report/val/field_nrmse_w": 0.13554851781351868,
    "report/val/spearman_rho_P": 0.9680568583554336,
    "report/val/bin_accuracy_P": 0.5196384233395407,
    "report/test/coef_mse": 4067068.25,
    "report/test/coef_r2": -933.9722489684267,
    "report/test/coef_mse_amb_aware": 4067068.25,
    "report/test/field_mse_w": 4506776191601502.0,
    "report/test/field_nrmse_w": 1129.4192244391445,
    "report/test/spearman_rho_P": 0.47347818770836936,
    "report/test/bin_accuracy_P": 0.16124277428615766,
    "report/holdout/coef_mse": 0.9683748483657837,
    "report/holdout/coef_r2": -0.9844968310154867,
    "report/holdout/coef_mse_amb_aware": 0.961946427822113,
    "report/holdout/field_mse_w": 7.237522483671305,
    "report/holdout/field_nrmse_w": 0.31682321631688626,
    "report/holdout/spearman_rho_P": 0.9511476148420508,
    "report/holdout/bin_accuracy_P": 0.5185353817504654,
    "report/dummy/coef_mse": 0.022996598854660988,
    "report/dummy/coef_r2": -2.242685880592401,
    "report/dummy/coef_mse_amb_aware": 0.022954097017645836,
    "report/dummy/field_mse_w": 0.047013652062867194,
    "report/dummy/field_nrmse_w": 2.374317127752201,
    "report/dummy/spearman_rho_P": -0.09622570417451537,
    "report/dummy/bin_accuracy_P": 0.10599228518222932
  },
  "experiment_name": "final_step1_rank",
  "run_name": "2026-06-09_07-13-09"
}