{
  "metrics": {
    "report/train_aug/coef_mse": 0.6990370154380798,
    "report/train_aug/coef_r2": -0.7466608895734133,
    "report/train_aug/coef_mse_amb_aware": 0.6990370154380798,
    "report/train_aug/field_mse_w": 1.2119456519524938,
    "report/train_aug/field_nrmse_w": 0.1736484638506255,
    "report/train_aug/spearman_rho_P": 0.7951530320023239,
    "report/train_aug/bin_accuracy_P": 0.3850585785953988,
    "report/val/coef_mse": 1.00128173828125,
    "report/val/coef_r2": -1.0908020005862658,
    "report/val/coef_mse_amb_aware": 0.9203168749809265,
    "report/val/field_mse_w": 1.3954638053490434,
    "report/val/field_nrmse_w": 0.16586492192719182,
    "report/val/spearman_rho_P": 0.9396408927924436,
    "report/val/bin_accuracy_P": 0.43349472377405335,
    "report/test/coef_mse": 4346464.5,
    "report/test/coef_r2": -998.2022031528797,
    "report/test/coef_mse_amb_aware": 4346464.5,
    "report/test/field_mse_w": 5404642424779055.0,
    "report/test/field_nrmse_w": 1236.8176184387473,
    "report/test/spearman_rho_P": 0.2060172012605304,
    "report/test/bin_accuracy_P": 0.11847761119840161,
    "report/holdout/coef_mse": 1.0485297441482544,
    "report/holdout/coef_r2": -1.1487588337565198,
    "report/holdout/coef_mse_amb_aware": 0.9406559467315674,
    "report/holdout/field_mse_w": 13.012419077588042,
    "report/holdout/field_nrmse_w": 0.4248161868803577,
    "report/holdout/spearman_rho_P": 0.8152357198526375,
    "report/holdout/bin_accuracy_P": 0.42856828057107393,
    "report/dummy/coef_mse": 0.00915847159922123,
    "report/dummy/coef_r2": -0.2914103775573291,
    "report/dummy/coef_mse_amb_aware": 0.00915847159922123,
    "report/dummy/field_mse_w": 0.005728086533048974,
    "report/dummy/field_nrmse_w": 0.8287652178764028,
    "report/dummy/spearman_rho_P": -0.046210112475639185,
    "report/dummy/bin_accuracy_P": 0.08133368803759866
  },
  "experiment_name": "final_step1_mixed",
  "run_name": "2026-06-09_07-13-05"
}