{
  "metrics": {
    "report/train_aug/coef_mse": 0.7874950766563416,
    "report/train_aug/coef_r2": -0.9676882199721757,
    "report/train_aug/coef_mse_amb_aware": 0.7874950766563416,
    "report/train_aug/field_mse_w": 0.2229944567788554,
    "report/train_aug/field_nrmse_w": 0.07448630088510201,
    "report/train_aug/spearman_rho_P": 0.9498503332073732,
    "report/train_aug/bin_accuracy_P": 0.6101463995092333,
    "report/val/coef_mse": 0.958751916885376,
    "report/val/coef_r2": -1.0019943958823028,
    "report/val/coef_mse_amb_aware": 0.958751916885376,
    "report/val/field_mse_w": 0.30012084100853964,
    "report/val/field_nrmse_w": 0.07692071947731713,
    "report/val/spearman_rho_P": 0.9878253033163379,
    "report/val/bin_accuracy_P": 0.6800380198634389,
    "report/test/coef_mse": 134277520.0,
    "report/test/coef_r2": -30867.856772279225,
    "report/test/coef_mse_amb_aware": 134277520.0,
    "report/test/field_mse_w": 5.422813925726442e+18,
    "report/test/field_nrmse_w": 39177.30263798833,
    "report/test/spearman_rho_P": 0.04726662080503655,
    "report/test/bin_accuracy_P": 0.0943539411662011,
    "report/holdout/coef_mse": 0.9742802977561951,
    "report/holdout/coef_r2": -0.9965988317552439,
    "report/holdout/coef_mse_amb_aware": 0.9426710605621338,
    "report/holdout/field_mse_w": 2.9509205090327386,
    "report/holdout/field_nrmse_w": 0.20230228630759445,
    "report/holdout/spearman_rho_P": 0.9656567900906111,
    "report/holdout/bin_accuracy_P": 0.6364233395406579,
    "report/dummy/coef_mse": 0.016613727435469627,
    "report/dummy/coef_r2": -1.3426550995531699,
    "report/dummy/coef_mse_amb_aware": 0.016613727435469627,
    "report/dummy/field_mse_w": 0.004048156194490402,
    "report/dummy/field_nrmse_w": 0.6967153219065224,
    "report/dummy/spearman_rho_P": -0.07383745659470285,
    "report/dummy/bin_accuracy_P": 0.12936374922408442
  },
  "experiment_name": "final_step2_features",
  "run_name": "2026-06-09_19-16-24"
}