{
  "metrics": {
    "report/train_aug/coef_mse": 0.8307417631149292,
    "report/train_aug/coef_r2": -1.0757472786772562,
    "report/train_aug/coef_mse_amb_aware": 0.8307417631149292,
    "report/train_aug/field_mse_w": 2.6510612774684343,
    "report/train_aug/field_nrmse_w": 0.25682615886011345,
    "report/train_aug/spearman_rho_P": 0.8259248091337554,
    "report/train_aug/bin_accuracy_P": 0.35461313637201275,
    "report/val/coef_mse": 1.0657157897949219,
    "report/val/coef_r2": -1.2253483456200307,
    "report/val/coef_mse_amb_aware": 0.9762950539588928,
    "report/val/field_mse_w": 3.2170814712844025,
    "report/val/field_nrmse_w": 0.2518409158548492,
    "report/val/spearman_rho_P": 0.8831052957901633,
    "report/val/bin_accuracy_P": 0.3386398199875854,
    "report/test/coef_mse": 239380480.0,
    "report/test/coef_r2": -55029.81996097232,
    "report/test/coef_mse_amb_aware": 239334544.0,
    "report/test/field_mse_w": 1.5828041750061328e+19,
    "report/test/field_nrmse_w": 66932.30381527274,
    "report/test/spearman_rho_P": 0.07236775951952451,
    "report/test/bin_accuracy_P": 0.10209979123021416,
    "report/holdout/coef_mse": 1.1282554864883423,
    "report/holdout/coef_r2": -1.3121411328293218,
    "report/holdout/coef_mse_amb_aware": 0.9552148580551147,
    "report/holdout/field_mse_w": 18.038502670021025,
    "report/holdout/field_nrmse_w": 0.5001753423660441,
    "report/holdout/spearman_rho_P": 0.8480373384362859,
    "report/holdout/bin_accuracy_P": 0.36498339540657987,
    "report/dummy/coef_mse": 0.017386598512530327,
    "report/dummy/coef_r2": -1.4516355665467624,
    "report/dummy/coef_mse_amb_aware": 0.017386598512530327,
    "report/dummy/field_mse_w": 0.0041749747730602405,
    "report/dummy/field_nrmse_w": 0.7075443361165166,
    "report/dummy/spearman_rho_P": 0.014482172464886934,
    "report/dummy/bin_accuracy_P": 0.11350979870532941
  },
  "experiment_name": "final_step3_scheduling",
  "run_name": "2026-06-10_00-23-36"
}