{
  "metrics": {
    "report/train_aug/coef_mse": 0.8309710025787354,
    "report/train_aug/coef_r2": -1.0763199952287237,
    "report/train_aug/coef_mse_amb_aware": 0.8309710025787354,
    "report/train_aug/field_mse_w": 0.7993467927150746,
    "report/train_aug/field_nrmse_w": 0.14102528681752252,
    "report/train_aug/spearman_rho_P": 0.9075903560354781,
    "report/train_aug/bin_accuracy_P": 0.4628174131217023,
    "report/val/coef_mse": 0.9883843064308167,
    "report/val/coef_r2": -1.0638705554412562,
    "report/val/coef_mse_amb_aware": 0.9205136299133301,
    "report/val/field_mse_w": 0.8649963075274919,
    "report/val/field_nrmse_w": 0.13058773436813434,
    "report/val/spearman_rho_P": 0.9594250946238599,
    "report/val/bin_accuracy_P": 0.4898130043451273,
    "report/test/coef_mse": 3648552.75,
    "report/test/coef_r2": -837.7603114742893,
    "report/test/coef_mse_amb_aware": 3648552.75,
    "report/test/field_mse_w": 3395900483512845.5,
    "report/test/field_nrmse_w": 980.3917715274738,
    "report/test/spearman_rho_P": 0.48813513198500225,
    "report/test/bin_accuracy_P": 0.1647641277254035,
    "report/holdout/coef_mse": 0.9697412252426147,
    "report/holdout/coef_r2": -0.9872969017748814,
    "report/holdout/coef_mse_amb_aware": 0.9697412252426147,
    "report/holdout/field_mse_w": 6.004416865766051,
    "report/holdout/field_nrmse_w": 0.2885741689658081,
    "report/holdout/spearman_rho_P": 0.9249558915675995,
    "report/holdout/bin_accuracy_P": 0.4709304779639975,
    "report/dummy/coef_mse": 0.016116539016366005,
    "report/dummy/coef_r2": -1.272547879665018,
    "report/dummy/coef_mse_amb_aware": 0.016116539016366005,
    "report/dummy/field_mse_w": 0.007735405785909145,
    "report/dummy/field_nrmse_w": 0.9630931222901685,
    "report/dummy/spearman_rho_P": -0.08886670505453306,
    "report/dummy/bin_accuracy_P": 0.09985723153320919
  },
  "experiment_name": "final_step1_combined",
  "run_name": "2026-06-09_07-13-13"
}