{
  "metrics": {
    "report/train_aug/coef_mse": 0.7992817759513855,
    "report/train_aug/coef_r2": -0.997139140573863,
    "report/train_aug/coef_mse_amb_aware": 0.7862303853034973,
    "report/train_aug/field_mse_w": 5.689355646707633,
    "report/train_aug/field_nrmse_w": 0.3762364904776158,
    "report/train_aug/spearman_rho_P": 0.7246758589976597,
    "report/train_aug/bin_accuracy_P": 0.2646985537661003,
    "report/val/coef_mse": 1.0191839933395386,
    "report/val/coef_r2": -1.128184087437345,
    "report/val/coef_mse_amb_aware": 0.940727949142456,
    "report/val/field_mse_w": 7.5624675774530585,
    "report/val/field_nrmse_w": 0.3861242015273735,
    "report/val/spearman_rho_P": 0.7653274716936398,
    "report/val/bin_accuracy_P": 0.25077979515828674,
    "report/test/coef_mse": 891494720.0,
    "report/test/coef_r2": -204943.3928893023,
    "report/test/coef_mse_amb_aware": 891494720.0,
    "report/test/field_mse_w": 2.331274263094376e+20,
    "report/test/field_nrmse_w": 256873.24065899046,
    "report/test/spearman_rho_P": -0.006921427879786206,
    "report/test/bin_accuracy_P": 0.08856736887026692,
    "report/holdout/coef_mse": 1.0138286352157593,
    "report/holdout/coef_r2": -1.0776456419538887,
    "report/holdout/coef_mse_amb_aware": 0.9871940016746521,
    "report/holdout/field_mse_w": 33.940471129785514,
    "report/holdout/field_nrmse_w": 0.686089809532452,
    "report/holdout/spearman_rho_P": 0.7797819482067808,
    "report/holdout/bin_accuracy_P": 0.2911998758535071,
    "report/dummy/coef_mse": 0.030793027952313423,
    "report/dummy/coef_r2": -3.342038381013939,
    "report/dummy/coef_mse_amb_aware": 0.03066547028720379,
    "report/dummy/field_mse_w": 0.05170167323968785,
    "report/dummy/field_nrmse_w": 2.489883517361667,
    "report/dummy/spearman_rho_P": -0.12308959977286274,
    "report/dummy/bin_accuracy_P": 0.10550279329608939
  },
  "experiment_name": "final_step3_scheduling",
  "run_name": "2026-06-10_00-23-36"
}