{
  "metrics": {
    "report/train_aug/coef_mse": 0.8046673536300659,
    "report/train_aug/coef_r2": -1.0105959370349487,
    "report/train_aug/coef_mse_amb_aware": 0.8046673536300659,
    "report/train_aug/field_mse_w": 0.6541052757610637,
    "report/train_aug/field_nrmse_w": 0.12757136407105416,
    "report/train_aug/spearman_rho_P": 0.9076681899883878,
    "report/train_aug/bin_accuracy_P": 0.4797798672941884,
    "report/val/coef_mse": 0.9850125312805176,
    "report/val/coef_r2": -1.0568299046498884,
    "report/val/coef_mse_amb_aware": 0.9288036227226257,
    "report/val/field_mse_w": 0.8240251692712652,
    "report/val/field_nrmse_w": 0.12745753026340428,
    "report/val/spearman_rho_P": 0.9625414317683969,
    "report/val/bin_accuracy_P": 0.499322625698324,
    "report/test/coef_mse": 3873268.0,
    "report/test/coef_r2": -889.4198047302433,
    "report/test/coef_mse_amb_aware": 3873268.0,
    "report/test/field_mse_w": 3715871858327041.0,
    "report/test/field_nrmse_w": 1025.5398593266377,
    "report/test/spearman_rho_P": 0.42572777770059783,
    "report/test/bin_accuracy_P": 0.15278293034217877,
    "report/holdout/coef_mse": 0.9972455501556396,
    "report/holdout/coef_r2": -1.0436616914711698,
    "report/holdout/coef_mse_amb_aware": 0.9201686382293701,
    "report/holdout/field_mse_w": 5.416859433954277,
    "report/holdout/field_nrmse_w": 0.2740916583573206,
    "report/holdout/spearman_rho_P": 0.9254885477782818,
    "report/holdout/bin_accuracy_P": 0.4911120422098076,
    "report/dummy/coef_mse": 0.01767508126795292,
    "report/dummy/coef_r2": -1.4923137417800136,
    "report/dummy/coef_mse_amb_aware": 0.017586158588528633,
    "report/dummy/field_mse_w": 0.007134114996167696,
    "report/dummy/field_nrmse_w": 0.9249042684789559,
    "report/dummy/spearman_rho_P": -0.08356068869210469,
    "report/dummy/bin_accuracy_P": 0.10561851556264966
  },
  "experiment_name": "final_step1_combined",
  "run_name": "2026-06-09_07-13-13"
}