{
  "metrics": {
    "report/train_aug/coef_mse": 0.7979792952537537,
    "report/train_aug/coef_r2": -0.9938847597892524,
    "report/train_aug/coef_mse_amb_aware": 0.7979792952537537,
    "report/train_aug/field_mse_w": 0.6776812465079979,
    "report/train_aug/field_nrmse_w": 0.12985004577884263,
    "report/train_aug/spearman_rho_P": 0.9044875137713809,
    "report/train_aug/bin_accuracy_P": 0.46517378690448474,
    "report/val/coef_mse": 0.9775981903076172,
    "report/val/coef_r2": -1.0413477557129047,
    "report/val/coef_mse_amb_aware": 0.9113441109657288,
    "report/val/field_mse_w": 0.8878438511419997,
    "report/val/field_nrmse_w": 0.13230113074496658,
    "report/val/spearman_rho_P": 0.9595682119842672,
    "report/val/bin_accuracy_P": 0.5165448479205462,
    "report/test/coef_mse": 3011463.75,
    "report/test/coef_r2": -691.3008953130866,
    "report/test/coef_mse_amb_aware": 3011463.75,
    "report/test/field_mse_w": 2398776257924487.5,
    "report/test/field_nrmse_w": 823.9807220296809,
    "report/test/spearman_rho_P": 0.3918236053066157,
    "report/test/bin_accuracy_P": 0.14980823367667598,
    "report/holdout/coef_mse": 0.9838694334030151,
    "report/holdout/coef_r2": -1.0162499307594306,
    "report/holdout/coef_mse_amb_aware": 0.9215899705886841,
    "report/holdout/field_mse_w": 6.887737401100989,
    "report/holdout/field_nrmse_w": 0.30907247227435247,
    "report/holdout/spearman_rho_P": 0.923204860115531,
    "report/holdout/bin_accuracy_P": 0.48922827436374916,
    "report/dummy/coef_mse": 0.020130014047026634,
    "report/dummy/coef_r2": -1.8384768259611062,
    "report/dummy/coef_mse_amb_aware": 0.01970885880291462,
    "report/dummy/field_mse_w": 0.01966241246677901,
    "report/dummy/field_nrmse_w": 1.5354834226856926,
    "report/dummy/spearman_rho_P": -0.10242670755906633,
    "report/dummy/bin_accuracy_P": 0.10109381927817682
  },
  "experiment_name": "final_step1_rank",
  "run_name": "2026-06-09_07-13-09"
}