{
  "metrics": {
    "report/train_aug/coef_mse": 0.7858049273490906,
    "report/train_aug/coef_r2": -0.963465014112983,
    "report/train_aug/coef_mse_amb_aware": 0.7858049273490906,
    "report/train_aug/field_mse_w": 0.626224033326079,
    "report/train_aug/field_nrmse_w": 0.12482289152627514,
    "report/train_aug/spearman_rho_P": 0.8288719388065123,
    "report/train_aug/bin_accuracy_P": 0.4546179555351878,
    "report/val/coef_mse": 0.9810806512832642,
    "report/val/coef_r2": -1.0486196355320727,
    "report/val/coef_mse_amb_aware": 0.9382923245429993,
    "report/val/field_mse_w": 0.7389535535572267,
    "report/val/field_nrmse_w": 0.12069904429922725,
    "report/val/spearman_rho_P": 0.9571746555480984,
    "report/val/bin_accuracy_P": 0.5214587212911236,
    "report/test/coef_mse": 3836566.75,
    "report/test/coef_r2": -880.9826077032764,
    "report/test/coef_mse_amb_aware": 3836566.75,
    "report/test/field_mse_w": 3756425350687559.0,
    "report/test/field_nrmse_w": 1031.1208329888652,
    "report/test/spearman_rho_P": 0.46439711035191816,
    "report/test/bin_accuracy_P": 0.16085120970088454,
    "report/holdout/coef_mse": 0.977642297744751,
    "report/holdout/coef_r2": -1.003488652587453,
    "report/holdout/coef_mse_amb_aware": 0.9475915431976318,
    "report/holdout/field_mse_w": 4.877585876689752,
    "report/holdout/field_nrmse_w": 0.2600905049463302,
    "report/holdout/spearman_rho_P": 0.8536894413702227,
    "report/holdout/bin_accuracy_P": 0.48575341402855365,
    "report/dummy/coef_mse": 0.013194108381867409,
    "report/dummy/coef_r2": -0.8604641921228642,
    "report/dummy/coef_mse_amb_aware": 0.013194108381867409,
    "report/dummy/field_mse_w": 0.0038770167464453205,
    "report/dummy/field_nrmse_w": 0.6818291576941216,
    "report/dummy/spearman_rho_P": 0.07093441279251661,
    "report/dummy/bin_accuracy_P": 0.09027622594661701
  },
  "experiment_name": "final_step1_mixed",
  "run_name": "2026-06-09_07-13-05"
}