{
  "metrics": {
    "report/train_aug/coef_mse": 0.7881202697753906,
    "report/train_aug/coef_r2": -0.969250322748789,
    "report/train_aug/coef_mse_amb_aware": 0.7823681831359863,
    "report/train_aug/field_mse_w": 11.885062096505672,
    "report/train_aug/field_nrmse_w": 0.5437886026117743,
    "report/train_aug/spearman_rho_P": 0.4665951578368557,
    "report/train_aug/bin_accuracy_P": 0.15728972687771572,
    "report/val/coef_mse": 0.9325071573257446,
    "report/val/coef_r2": -0.9471920238730316,
    "report/val/coef_mse_amb_aware": 0.9325071573257446,
    "report/val/field_mse_w": 16.316561336031093,
    "report/val/field_nrmse_w": 0.5671652047738199,
    "report/val/spearman_rho_P": 0.3890824885604852,
    "report/val/bin_accuracy_P": 0.13148587833643696,
    "report/test/coef_mse": 314980064.0,
    "report/test/coef_r2": -72409.29402944667,
    "report/test/coef_mse_amb_aware": 314980064.0,
    "report/test/field_mse_w": 3.426474384193787e+19,
    "report/test/field_nrmse_w": 98479.52039275107,
    "report/test/spearman_rho_P": -0.008675509381776586,
    "report/test/bin_accuracy_P": 0.08809254490611422,
    "report/holdout/coef_mse": 0.9452372789382935,
    "report/holdout/coef_r2": -0.9370808890667801,
    "report/holdout/coef_mse_amb_aware": 0.9452372789382935,
    "report/holdout/field_mse_w": 25.88168917860129,
    "report/holdout/field_nrmse_w": 0.5991262446584277,
    "report/holdout/spearman_rho_P": 0.5055114175908115,
    "report/holdout/bin_accuracy_P": 0.1711637181874612,
    "report/dummy/coef_mse": 0.01290027517825365,
    "report/dummy/coef_r2": -0.8190316399224371,
    "report/dummy/coef_mse_amb_aware": 0.01290027517825365,
    "report/dummy/field_mse_w": 0.00534706897276416,
    "report/dummy/field_nrmse_w": 0.8007272787311754,
    "report/dummy/spearman_rho_P": -0.10913909068402458,
    "report/dummy/bin_accuracy_P": 0.12488560787443471
  },
  "experiment_name": "final_step2_features",
  "run_name": "2026-06-09_19-16-24"
}