{
  "metrics": {
    "report/train_aug/coef_mse": 0.8042649626731873,
    "report/train_aug/coef_r2": -1.00959048315572,
    "report/train_aug/coef_mse_amb_aware": 0.8042005896568298,
    "report/train_aug/field_mse_w": 0.7719642977715362,
    "report/train_aug/field_nrmse_w": 0.13858875104694512,
    "report/train_aug/spearman_rho_P": 0.9202392456698536,
    "report/train_aug/bin_accuracy_P": 0.48110150006304314,
    "report/val/coef_mse": 0.9512618780136108,
    "report/val/coef_r2": -0.9863542100979719,
    "report/val/coef_mse_amb_aware": 0.9512618780136108,
    "report/val/field_mse_w": 0.9023236250750029,
    "report/val/field_nrmse_w": 0.1333756118046875,
    "report/val/spearman_rho_P": 0.9693108535415424,
    "report/val/bin_accuracy_P": 0.5258682495344507,
    "report/test/coef_mse": 3694850.5,
    "report/test/coef_r2": -848.4036499315363,
    "report/test/coef_mse_amb_aware": 3694850.5,
    "report/test/field_mse_w": 3600261175185713.5,
    "report/test/field_nrmse_w": 1009.460160508205,
    "report/test/spearman_rho_P": 0.3974649503148623,
    "report/test/bin_accuracy_P": 0.14863805599200808,
    "report/holdout/coef_mse": 0.9731431603431702,
    "report/holdout/coef_r2": -0.9942684890188924,
    "report/holdout/coef_mse_amb_aware": 0.9731431603431702,
    "report/holdout/field_mse_w": 9.711512365027207,
    "report/holdout/field_nrmse_w": 0.3669994972354116,
    "report/holdout/spearman_rho_P": 0.9458943106167239,
    "report/holdout/bin_accuracy_P": 0.5233440409683426,
    "report/dummy/coef_mse": 0.027315981686115265,
    "report/dummy/coef_r2": -2.851749996487185,
    "report/dummy/coef_mse_amb_aware": 0.027074217796325684,
    "report/dummy/field_mse_w": 0.08869052746472572,
    "report/dummy/field_nrmse_w": 3.2611092617324853,
    "report/dummy/spearman_rho_P": -0.09457844665146346,
    "report/dummy/bin_accuracy_P": 0.09992373858295647
  },
  "experiment_name": "final_step1_combined",
  "run_name": "2026-06-09_07-13-13"
}