{
  "metrics": {
    "report/train_aug/coef_mse": 0.8148441314697266,
    "report/train_aug/coef_r2": -1.036024361286921,
    "report/train_aug/coef_mse_amb_aware": 0.8120852112770081,
    "report/train_aug/field_mse_w": 0.6274213237268722,
    "report/train_aug/field_nrmse_w": 0.12494216025145916,
    "report/train_aug/spearman_rho_P": 0.8890173938814259,
    "report/train_aug/bin_accuracy_P": 0.46918190613361266,
    "report/val/coef_mse": 0.9880608320236206,
    "report/val/coef_r2": -1.063195075367918,
    "report/val/coef_mse_amb_aware": 0.9428884387016296,
    "report/val/field_mse_w": 0.7188449762662912,
    "report/val/field_nrmse_w": 0.11904547201971294,
    "report/val/spearman_rho_P": 0.9625496695843891,
    "report/val/bin_accuracy_P": 0.5257060831781503,
    "report/test/coef_mse": 3359427.0,
    "report/test/coef_r2": -771.2936341205441,
    "report/test/coef_mse_amb_aware": 3359427.0,
    "report/test/field_mse_w": 2920526300350356.0,
    "report/test/field_nrmse_w": 909.1860026221735,
    "report/test/spearman_rho_P": 0.38789199543383124,
    "report/test/bin_accuracy_P": 0.14824118729632219,
    "report/holdout/coef_mse": 0.9922828078269958,
    "report/holdout/coef_r2": -1.0334914936843664,
    "report/holdout/coef_mse_amb_aware": 0.9582946300506592,
    "report/holdout/field_mse_w": 3.7268962174161127,
    "report/holdout/field_nrmse_w": 0.2273503803731142,
    "report/holdout/spearman_rho_P": 0.899122256152055,
    "report/holdout/bin_accuracy_P": 0.4939387026691495,
    "report/dummy/coef_mse": 0.019457245245575905,
    "report/dummy/coef_r2": -1.743611507278552,
    "report/dummy/coef_mse_amb_aware": 0.019393043592572212,
    "report/dummy/field_mse_w": 0.009811122227078712,
    "report/dummy/field_nrmse_w": 1.084641142608028,
    "report/dummy/spearman_rho_P": -0.038864934402009506,
    "report/dummy/bin_accuracy_P": 0.10267269663917708
  },
  "experiment_name": "final_step1_rank",
  "run_name": "2026-06-09_07-13-09"
}