{
  "metrics": {
    "report/train_aug/coef_mse": 0.8905642032623291,
    "report/train_aug/coef_r2": -213.81421136301086,
    "report/train_aug/coef_mse_amb_aware": 0.8905642032623291,
    "report/train_aug/field_mse_w": 394.818271650513,
    "report/train_aug/field_nrmse_w": 357.13122316407754,
    "report/train_aug/spearman_rho_P": 0.02004857993892175,
    "report/train_aug/bin_accuracy_P": 0.0984889044072005,
    "report/val/coef_mse": 0.6630341410636902,
    "report/val/coef_r2": -159.25708088407447,
    "report/val/coef_mse_amb_aware": 0.6630341410636902,
    "report/val/field_mse_w": 107.26742107263583,
    "report/val/field_nrmse_w": 180.62786176445638,
    "report/val/spearman_rho_P": -0.051832570022792,
    "report/val/bin_accuracy_P": 0.09806952203600248,
    "report/test/coef_mse": 0.7709658741950989,
    "report/test/coef_r2": -173.86894943780513,
    "report/test/coef_mse_amb_aware": 0.7709658741950989,
    "report/test/field_mse_w": 203.16927423210433,
    "report/test/field_nrmse_w": 236.4217834642367,
    "report/test/spearman_rho_P": 0.05894106937400391,
    "report/test/bin_accuracy_P": 0.09221950651769087,
    "report/dummy/coef_mse": 4.401948928833008,
    "report/dummy/coef_r2": -619.7064973021583,
    "report/dummy/coef_mse_amb_aware": 4.401948928833008,
    "report/dummy/field_mse_w": 8595.670949133219,
    "report/dummy/field_nrmse_w": 1015.2350943936616,
    "report/dummy/spearman_rho_P": 0.07623736409103221,
    "report/dummy/bin_accuracy_P": 0.0873756318169726
  },
  "experiment_name": "final_step0_base",
  "run_name": "2026-06-09_06-57-11"
}