{
  "metrics": {
    "report/train_aug/coef_mse": 0.8127228617668152,
    "report/train_aug/coef_r2": -1.0307239417713663,
    "report/train_aug/coef_mse_amb_aware": 0.8091578483581543,
    "report/train_aug/field_mse_w": 0.678708411965321,
    "report/train_aug/field_nrmse_w": 0.12994841575761218,
    "report/train_aug/spearman_rho_P": 0.8614654271454221,
    "report/train_aug/bin_accuracy_P": 0.46752617502715704,
    "report/val/coef_mse": 0.9290152192115784,
    "report/val/coef_r2": -0.9399004804829956,
    "report/val/coef_mse_amb_aware": 0.9203498363494873,
    "report/val/field_mse_w": 0.8145229319153704,
    "report/val/field_nrmse_w": 0.1267205118043248,
    "report/val/spearman_rho_P": 0.9624245471006851,
    "report/val/bin_accuracy_P": 0.5016604593420235,
    "report/test/coef_mse": 2657835.0,
    "report/test/coef_r2": -610.0057002085622,
    "report/test/coef_mse_amb_aware": 2657835.0,
    "report/test/field_mse_w": 1875904805162216.8,
    "report/test/field_nrmse_w": 728.6644438510039,
    "report/test/spearman_rho_P": 0.37389654557387714,
    "report/test/bin_accuracy_P": 0.145089393961437,
    "report/holdout/coef_mse": 0.9246940612792969,
    "report/holdout/coef_r2": -0.8949814792644597,
    "report/holdout/coef_mse_amb_aware": 0.9246940612792969,
    "report/holdout/field_mse_w": 4.73354518080243,
    "report/holdout/field_nrmse_w": 0.25622134045808426,
    "report/holdout/spearman_rho_P": 0.9012197186272957,
    "report/holdout/bin_accuracy_P": 0.5033693358162632,
    "report/dummy/coef_mse": 0.014895479194819927,
    "report/dummy/coef_r2": -1.1003696798420637,
    "report/dummy/coef_mse_amb_aware": 0.014895479194819927,
    "report/dummy/field_mse_w": 0.005009307736300949,
    "report/dummy/field_nrmse_w": 0.7750247777033414,
    "report/dummy/spearman_rho_P": 0.020693709483938543,
    "report/dummy/bin_accuracy_P": 0.0889740179125654
  },
  "experiment_name": "final_step1_mixed",
  "run_name": "2026-06-09_07-13-05"
}