{
  "metrics": {
    "report/train_aug/coef_mse": 0.803350031375885,
    "report/train_aug/coef_r2": -1.0073043827794508,
    "report/train_aug/coef_mse_amb_aware": 0.793070912361145,
    "report/train_aug/field_mse_w": 0.6559704360721207,
    "report/train_aug/field_nrmse_w": 0.1277531174332297,
    "report/train_aug/spearman_rho_P": 0.8473261836582676,
    "report/train_aug/bin_accuracy_P": 0.4592575063770562,
    "report/val/coef_mse": 0.9421671032905579,
    "report/val/coef_r2": -0.967363206181644,
    "report/val/coef_mse_amb_aware": 0.9421671032905579,
    "report/val/field_mse_w": 0.857769355822567,
    "report/val/field_nrmse_w": 0.13004106685377959,
    "report/val/spearman_rho_P": 0.9624699172942759,
    "report/val/bin_accuracy_P": 0.5293559900682806,
    "report/test/coef_mse": 3293971.75,
    "report/test/coef_r2": -756.2462099698948,
    "report/test/coef_mse_amb_aware": 3293971.75,
    "report/test/field_mse_w": 2797663365267477.5,
    "report/test/field_nrmse_w": 889.8563585721762,
    "report/test/spearman_rho_P": 0.37199868662214347,
    "report/test/bin_accuracy_P": 0.14330963759892923,
    "report/holdout/coef_mse": 0.9636493921279907,
    "report/holdout/coef_r2": -0.9748129432513226,
    "report/holdout/coef_mse_amb_aware": 0.9636493921279907,
    "report/holdout/field_mse_w": 3.3787334167974232,
    "report/holdout/field_nrmse_w": 0.21647063899936544,
    "report/holdout/spearman_rho_P": 0.8625770084959803,
    "report/holdout/bin_accuracy_P": 0.4899709807572936,
    "report/dummy/coef_mse": 0.012105471454560757,
    "report/dummy/coef_r2": -0.7069585786448966,
    "report/dummy/coef_mse_amb_aware": 0.012105471454560757,
    "report/dummy/field_mse_w": 0.0033500524842042267,
    "report/dummy/field_nrmse_w": 0.6338004402089646,
    "report/dummy/spearman_rho_P": 0.0738983781550095,
    "report/dummy/bin_accuracy_P": 0.10262303804203246
  },
  "experiment_name": "final_step1_pure",
  "run_name": "2026-06-09_07-13-02"
}