{
  "metrics": {
    "report/train_aug/coef_mse": 0.8015986680984497,
    "report/train_aug/coef_r2": -1.0029283980399097,
    "report/train_aug/coef_mse_amb_aware": 0.8015986680984497,
    "report/train_aug/field_mse_w": 0.652629351301246,
    "report/train_aug/field_nrmse_w": 0.12742735664928287,
    "report/train_aug/spearman_rho_P": 0.890647155922554,
    "report/train_aug/bin_accuracy_P": 0.47004574871004035,
    "report/val/coef_mse": 0.9531612992286682,
    "report/val/coef_r2": -0.990320425170099,
    "report/val/coef_mse_amb_aware": 0.9435891509056091,
    "report/val/field_mse_w": 0.8981287763365485,
    "report/val/field_nrmse_w": 0.1330652230058226,
    "report/val/spearman_rho_P": 0.9632993356115213,
    "report/val/bin_accuracy_P": 0.4998936995654872,
    "report/test/coef_mse": 3113217.0,
    "report/test/coef_r2": -714.6927729007434,
    "report/test/coef_mse_amb_aware": 3113217.0,
    "report/test/field_mse_w": 2423648245616331.0,
    "report/test/field_nrmse_w": 828.2414754550856,
    "report/test/spearman_rho_P": 0.2908720479307121,
    "report/test/bin_accuracy_P": 0.13224505111343887,
    "report/holdout/coef_mse": 0.9750710129737854,
    "report/holdout/coef_r2": -0.9982192933709526,
    "report/holdout/coef_mse_amb_aware": 0.9244234561920166,
    "report/holdout/field_mse_w": 5.518705916854242,
    "report/holdout/field_nrmse_w": 0.2766563618453033,
    "report/holdout/spearman_rho_P": 0.9407004448333925,
    "report/holdout/bin_accuracy_P": 0.5112329298572315,
    "report/dummy/coef_mse": 0.020675724372267723,
    "report/dummy/coef_r2": -1.9154259112241458,
    "report/dummy/coef_mse_amb_aware": 0.020675724372267723,
    "report/dummy/field_mse_w": 0.03159347256069345,
    "report/dummy/field_nrmse_w": 1.946370047824506,
    "report/dummy/spearman_rho_P": -0.10624771165573296,
    "report/dummy/bin_accuracy_P": 0.09918994413407822
  },
  "experiment_name": "final_step1_combined",
  "run_name": "2026-06-09_07-13-13"
}