{
  "metrics": {
    "report/train_aug/coef_mse": 0.8042948842048645,
    "report/train_aug/coef_r2": -1.0096653747637339,
    "report/train_aug/coef_mse_amb_aware": 0.7978131175041199,
    "report/train_aug/field_mse_w": 0.6415330552422959,
    "report/train_aug/field_nrmse_w": 0.12633942399565054,
    "report/train_aug/spearman_rho_P": 0.8490659983055371,
    "report/train_aug/bin_accuracy_P": 0.45867967658868714,
    "report/val/coef_mse": 0.9720631837844849,
    "report/val/coef_r2": -1.029789945724903,
    "report/val/coef_mse_amb_aware": 0.9365037083625793,
    "report/val/field_mse_w": 0.7592738318400125,
    "report/val/field_nrmse_w": 0.12234732447416015,
    "report/val/spearman_rho_P": 0.9630711435453744,
    "report/val/bin_accuracy_P": 0.5302832091868405,
    "report/test/coef_mse": 3545498.0,
    "report/test/coef_r2": -814.0692372853698,
    "report/test/coef_mse_amb_aware": 3545498.0,
    "report/test/field_mse_w": 3130798550621811.5,
    "report/test/field_nrmse_w": 941.3469984932009,
    "report/test/spearman_rho_P": 0.4554626708113282,
    "report/test/bin_accuracy_P": 0.16131478895096213,
    "report/holdout/coef_mse": 0.9439093470573425,
    "report/holdout/coef_r2": -0.9343594398571946,
    "report/holdout/coef_mse_amb_aware": 0.9439093470573425,
    "report/holdout/field_mse_w": 4.055931313875552,
    "report/holdout/field_nrmse_w": 0.23717413832815518,
    "report/holdout/spearman_rho_P": 0.8670447864073898,
    "report/holdout/bin_accuracy_P": 0.483392923649907,
    "report/dummy/coef_mse": 0.012532086111605167,
    "report/dummy/coef_r2": -0.7671143236777764,
    "report/dummy/coef_mse_amb_aware": 0.012532086111605167,
    "report/dummy/field_mse_w": 0.004601849712439586,
    "report/dummy/field_nrmse_w": 0.7428360066523619,
    "report/dummy/spearman_rho_P": -0.08654231674666438,
    "report/dummy/bin_accuracy_P": 0.08476367828323135
  },
  "experiment_name": "final_step1_mixed",
  "run_name": "2026-06-09_07-13-05"
}