{
  "metrics": {
    "report/train_aug/coef_mse": 0.8119699954986572,
    "report/train_aug/coef_r2": -1.0288428007446133,
    "report/train_aug/coef_mse_amb_aware": 0.8119699954986572,
    "report/train_aug/field_mse_w": 0.7856635449473425,
    "report/train_aug/field_nrmse_w": 0.1398130385759173,
    "report/train_aug/spearman_rho_P": 0.9224543251077776,
    "report/train_aug/bin_accuracy_P": 0.4814705600655649,
    "report/val/coef_mse": 0.971508264541626,
    "report/val/coef_r2": -1.0286312516044926,
    "report/val/coef_mse_amb_aware": 0.9318849444389343,
    "report/val/field_mse_w": 0.8364155873124296,
    "report/val/field_nrmse_w": 0.12841220966528258,
    "report/val/spearman_rho_P": 0.968028232789967,
    "report/val/bin_accuracy_P": 0.5425566418373682,
    "report/test/coef_mse": 3958539.0,
    "report/test/coef_r2": -909.0225943451123,
    "report/test/coef_mse_amb_aware": 3958539.0,
    "report/test/field_mse_w": 4042288386661912.0,
    "report/test/field_nrmse_w": 1069.635546434099,
    "report/test/spearman_rho_P": 0.44385233484732123,
    "report/test/bin_accuracy_P": 0.15420400760397268,
    "report/holdout/coef_mse": 0.9752132892608643,
    "report/holdout/coef_r2": -0.9985109078466095,
    "report/holdout/coef_mse_amb_aware": 0.9752132892608643,
    "report/holdout/field_mse_w": 5.52973330862178,
    "report/holdout/field_nrmse_w": 0.2769326291115318,
    "report/holdout/spearman_rho_P": 0.942710130681088,
    "report/holdout/bin_accuracy_P": 0.5124723774053382,
    "report/dummy/coef_mse": 0.019081028178334236,
    "report/dummy/coef_r2": -1.6905622962567448,
    "report/dummy/coef_mse_amb_aware": 0.01866937428712845,
    "report/dummy/field_mse_w": 0.02448365088296685,
    "report/dummy/field_nrmse_w": 1.7134238985180197,
    "report/dummy/spearman_rho_P": -0.09642090989180498,
    "report/dummy/bin_accuracy_P": 0.10183914161567792
  },
  "experiment_name": "final_step1_combined",
  "run_name": "2026-06-09_07-13-13"
}