{
  "metrics": {
    "report/train_aug/coef_mse": 0.8012311458587646,
    "report/train_aug/coef_r2": -1.0020100907590974,
    "report/train_aug/coef_mse_amb_aware": 0.7962944507598877,
    "report/train_aug/field_mse_w": 0.27691513665198175,
    "report/train_aug/field_nrmse_w": 0.08300470704690596,
    "report/train_aug/spearman_rho_P": 0.9493197821157034,
    "report/train_aug/bin_accuracy_P": 0.6077185869364913,
    "report/val/coef_mse": 0.9570491909980774,
    "report/val/coef_r2": -0.998438930957197,
    "report/val/coef_mse_amb_aware": 0.9541884064674377,
    "report/val/field_mse_w": 0.31866296547830497,
    "report/val/field_nrmse_w": 0.07926127553276968,
    "report/val/spearman_rho_P": 0.9883855274178931,
    "report/val/bin_accuracy_P": 0.6893598696461825,
    "report/test/coef_mse": 3913501.25,
    "report/test/coef_r2": -898.6689416733872,
    "report/test/coef_mse_amb_aware": 3911806.25,
    "report/test/field_mse_w": 3581986239776243.0,
    "report/test/field_nrmse_w": 1006.8948897913789,
    "report/test/spearman_rho_P": 0.5953450166621728,
    "report/test/bin_accuracy_P": 0.18328114088687153,
    "report/holdout/coef_mse": 0.984090268611908,
    "report/holdout/coef_r2": -1.0167025049897882,
    "report/holdout/coef_mse_amb_aware": 0.984090268611908,
    "report/holdout/field_mse_w": 5.52161910427594,
    "report/holdout/field_nrmse_w": 0.2767293722134212,
    "report/holdout/spearman_rho_P": 0.9693906129709773,
    "report/holdout/bin_accuracy_P": 0.6501399751707015,
    "report/dummy/coef_mse": 0.0218528863042593,
    "report/dummy/coef_r2": -2.081414311909847,
    "report/dummy/coef_mse_amb_aware": 0.021738693118095398,
    "report/dummy/field_mse_w": 0.008990849303511475,
    "report/dummy/field_nrmse_w": 1.038310127840732,
    "report/dummy/spearman_rho_P": -0.02124313927789213,
    "report/dummy/bin_accuracy_P": 0.12818790458455265
  },
  "experiment_name": "final_step2_features",
  "run_name": "2026-06-09_19-16-24"
}