{
  "metrics": {
    "report/train_aug/coef_mse": 0.8002267479896545,
    "report/train_aug/coef_r2": -0.9995004048912661,
    "report/train_aug/coef_mse_amb_aware": 0.7986658811569214,
    "report/train_aug/field_mse_w": 0.4083728230791259,
    "report/train_aug/field_nrmse_w": 0.10079936343818538,
    "report/train_aug/spearman_rho_P": 0.9110655592591002,
    "report/train_aug/bin_accuracy_P": 0.512164280120073,
    "report/val/coef_mse": 0.9516209363937378,
    "report/val/coef_r2": -0.9871039747723669,
    "report/val/coef_mse_amb_aware": 0.9230710864067078,
    "report/val/field_mse_w": 0.5236375731943235,
    "report/val/field_nrmse_w": 0.10160396614098213,
    "report/val/spearman_rho_P": 0.976899835683032,
    "report/val/bin_accuracy_P": 0.5847571384233395,
    "report/test/coef_mse": 2491798.75,
    "report/test/coef_r2": -571.8359066135432,
    "report/test/coef_mse_amb_aware": 2491798.75,
    "report/test/field_mse_w": 1636832125477044.0,
    "report/test/field_nrmse_w": 680.6506290591343,
    "report/test/spearman_rho_P": 0.49439525133647527,
    "report/test/bin_accuracy_P": 0.1586602180807728,
    "report/holdout/coef_mse": 0.9635346531867981,
    "report/holdout/coef_r2": -0.9745777933432562,
    "report/holdout/coef_mse_amb_aware": 0.9635346531867981,
    "report/holdout/field_mse_w": 4.965134886111717,
    "report/holdout/field_nrmse_w": 0.2624143383348816,
    "report/holdout/spearman_rho_P": 0.924101446743228,
    "report/holdout/bin_accuracy_P": 0.5431461824953445,
    "report/dummy/coef_mse": 0.02606191299855709,
    "report/dummy/coef_r2": -2.6749170975719423,
    "report/dummy/coef_mse_amb_aware": 0.02606191299855709,
    "report/dummy/field_mse_w": 0.026936973759768584,
    "report/dummy/field_nrmse_w": 1.7972195434550011,
    "report/dummy/spearman_rho_P": -0.05125056024445061,
    "report/dummy/bin_accuracy_P": 0.10374878070408795
  },
  "experiment_name": "final_step2_features",
  "run_name": "2026-06-09_19-16-24"
}