{
  "metrics": {
    "report/train_aug/coef_mse": 0.7899171113967896,
    "report/train_aug/coef_r2": -0.9737400065659516,
    "report/train_aug/coef_mse_amb_aware": 0.7899171113967896,
    "report/train_aug/field_mse_w": 0.2510847301544545,
    "report/train_aug/field_nrmse_w": 0.07903865188347059,
    "report/train_aug/spearman_rho_P": 0.9560696670118485,
    "report/train_aug/bin_accuracy_P": 0.6182393808678616,
    "report/val/coef_mse": 0.9735668897628784,
    "report/val/coef_r2": -1.0329299266803704,
    "report/val/coef_mse_amb_aware": 0.9446008205413818,
    "report/val/field_mse_w": 0.34047657870611003,
    "report/val/field_nrmse_w": 0.0819292315620583,
    "report/val/spearman_rho_P": 0.9879175471603883,
    "report/val/bin_accuracy_P": 0.6896539416511484,
    "report/test/coef_mse": 201001056.0,
    "report/test/coef_r2": -46206.83314035699,
    "report/test/coef_mse_amb_aware": 201001056.0,
    "report/test/field_mse_w": 1.223368889420296e+19,
    "report/test/field_nrmse_w": 58843.82512859173,
    "report/test/spearman_rho_P": -0.004717988636902482,
    "report/test/bin_accuracy_P": 0.09163669086553383,
    "report/holdout/coef_mse": 1.0206615924835205,
    "report/holdout/coef_r2": -1.091648425871493,
    "report/holdout/coef_mse_amb_aware": 0.9554828405380249,
    "report/holdout/field_mse_w": 6.81810555775808,
    "report/holdout/field_nrmse_w": 0.30750621372158937,
    "report/holdout/spearman_rho_P": 0.9764885523692917,
    "report/holdout/bin_accuracy_P": 0.6604784295468655,
    "report/dummy/coef_mse": 0.014638889580965042,
    "report/dummy/coef_r2": -1.064188785690198,
    "report/dummy/coef_mse_amb_aware": 0.014555145986378193,
    "report/dummy/field_mse_w": 0.002484416781637163,
    "report/dummy/field_nrmse_w": 0.5458068200643668,
    "report/dummy/spearman_rho_P": -0.03768703741042635,
    "report/dummy/bin_accuracy_P": 0.12717699742839406
  },
  "experiment_name": "final_step3_scheduling",
  "run_name": "2026-06-10_00-23-36"
}