{
  "metrics": {
    "report/train_aug/coef_mse": 0.7943503260612488,
    "report/train_aug/coef_r2": -0.9848171562240304,
    "report/train_aug/coef_mse_amb_aware": 0.7943503260612488,
    "report/train_aug/field_mse_w": 0.6560958486580308,
    "report/train_aug/field_nrmse_w": 0.1277653291749622,
    "report/train_aug/spearman_rho_P": 0.9023695794511533,
    "report/train_aug/bin_accuracy_P": 0.4712381127308349,
    "report/val/coef_mse": 0.9989193081855774,
    "report/val/coef_r2": -1.0858689932797927,
    "report/val/coef_mse_amb_aware": 0.9374217987060547,
    "report/val/field_mse_w": 0.7768714557121228,
    "report/val/field_nrmse_w": 0.12375701983850097,
    "report/val/spearman_rho_P": 0.9653580991450161,
    "report/val/bin_accuracy_P": 0.5186615456238362,
    "report/test/coef_mse": 3167483.75,
    "report/test/coef_r2": -727.1680731258905,
    "report/test/coef_mse_amb_aware": 3167483.75,
    "report/test/field_mse_w": 2545112177724827.5,
    "report/test/field_nrmse_w": 848.7419039291594,
    "report/test/spearman_rho_P": 0.3949254647884642,
    "report/test/bin_accuracy_P": 0.14795949356959961,
    "report/holdout/coef_mse": 1.0040252208709717,
    "report/holdout/coef_r2": -1.0575552629086755,
    "report/holdout/coef_mse_amb_aware": 0.9186890125274658,
    "report/holdout/field_mse_w": 6.681920642172718,
    "report/holdout/field_nrmse_w": 0.30441965699853074,
    "report/holdout/spearman_rho_P": 0.9218795562469766,
    "report/holdout/bin_accuracy_P": 0.5019615145872129,
    "report/dummy/coef_mse": 0.024241426959633827,
    "report/dummy/coef_r2": -2.4182155252360613,
    "report/dummy/coef_mse_amb_aware": 0.024149619042873383,
    "report/dummy/field_mse_w": 0.027983420643182016,
    "report/dummy/field_nrmse_w": 1.8317961055617604,
    "report/dummy/spearman_rho_P": -0.057570562847300964,
    "report/dummy/bin_accuracy_P": 0.08487496674647514
  },
  "experiment_name": "final_step1_combined",
  "run_name": "2026-06-09_07-13-13"
}