{
  "metrics": {
    "report/train_aug/coef_mse": 0.7843243479728699,
    "report/train_aug/coef_r2": -0.9597655048436489,
    "report/train_aug/coef_mse_amb_aware": 0.7843243479728699,
    "report/train_aug/field_mse_w": 0.3911781920134823,
    "report/train_aug/field_nrmse_w": 0.09865445252550469,
    "report/train_aug/spearman_rho_P": 0.951891651112757,
    "report/train_aug/bin_accuracy_P": 0.5858272654310211,
    "report/val/coef_mse": 1.0049641132354736,
    "report/val/coef_r2": -1.0984911850760781,
    "report/val/coef_mse_amb_aware": 0.9555812478065491,
    "report/val/field_mse_w": 0.47521602657554524,
    "report/val/field_nrmse_w": 0.09679229775964092,
    "report/val/spearman_rho_P": 0.9823939901209886,
    "report/val/bin_accuracy_P": 0.641987895716946,
    "report/test/coef_mse": 253902704.0,
    "report/test/coef_r2": -58368.31175692903,
    "report/test/coef_mse_amb_aware": 253890208.0,
    "report/test/field_mse_w": 1.9044033215042335e+19,
    "report/test/field_nrmse_w": 73417.84712335128,
    "report/test/spearman_rho_P": 0.016024981750649005,
    "report/test/bin_accuracy_P": 0.09364291758806642,
    "report/holdout/coef_mse": 1.0346766710281372,
    "report/holdout/coef_r2": -1.120369449809968,
    "report/holdout/coef_mse_amb_aware": 0.9552677273750305,
    "report/holdout/field_mse_w": 3.07605463862985,
    "report/holdout/field_nrmse_w": 0.20654707934215943,
    "report/holdout/spearman_rho_P": 0.9688963153455326,
    "report/holdout/bin_accuracy_P": 0.623443358162632,
    "report/dummy/coef_mse": 0.015360916964709759,
    "report/dummy/coef_r2": -1.165999817333633,
    "report/dummy/coef_mse_amb_aware": 0.015282321721315384,
    "report/dummy/field_mse_w": 0.0020015987787992563,
    "report/dummy/field_nrmse_w": 0.48990880463816566,
    "report/dummy/spearman_rho_P": 0.04674904651338471,
    "report/dummy/bin_accuracy_P": 0.13117185421654695
  },
  "experiment_name": "final_step3_scheduling",
  "run_name": "2026-06-10_00-23-36"
}