{
  "metrics": {
    "report/train_aug/coef_mse": 0.8081150650978088,
    "report/train_aug/coef_r2": -1.0192106506215253,
    "report/train_aug/coef_mse_amb_aware": 0.8043434023857117,
    "report/train_aug/field_mse_w": 0.7790900439996181,
    "report/train_aug/field_nrmse_w": 0.13922691514212038,
    "report/train_aug/spearman_rho_P": 0.9230957917191085,
    "report/train_aug/bin_accuracy_P": 0.4856278914979051,
    "report/val/coef_mse": 0.9622349143028259,
    "report/val/coef_r2": -1.0092673681220745,
    "report/val/coef_mse_amb_aware": 0.9306828379631042,
    "report/val/field_mse_w": 0.8365606089854324,
    "report/val/field_nrmse_w": 0.12842334153956592,
    "report/val/spearman_rho_P": 0.9726292124676224,
    "report/val/bin_accuracy_P": 0.5500535381750467,
    "report/test/coef_mse": 3790482.0,
    "report/test/coef_r2": -870.3882420652034,
    "report/test/coef_mse_amb_aware": 3790482.0,
    "report/test/field_mse_w": 3898077542164669.5,
    "report/test/field_nrmse_w": 1050.3823539621173,
    "report/test/spearman_rho_P": 0.46130943999519697,
    "report/test/bin_accuracy_P": 0.1575369590413563,
    "report/holdout/coef_mse": 0.9667577147483826,
    "report/holdout/coef_r2": -0.9811828612168829,
    "report/holdout/coef_mse_amb_aware": 0.963778018951416,
    "report/holdout/field_mse_w": 6.468788027085686,
    "report/holdout/field_nrmse_w": 0.2995252888471737,
    "report/holdout/spearman_rho_P": 0.9505643629578625,
    "report/holdout/bin_accuracy_P": 0.5332670701427684,
    "report/dummy/coef_mse": 0.032517507672309875,
    "report/dummy/coef_r2": -3.585202443513939,
    "report/dummy/coef_mse_amb_aware": 0.03225202485918999,
    "report/dummy/field_mse_w": 0.0732125821980171,
    "report/dummy/field_nrmse_w": 2.9629177334210546,
    "report/dummy/spearman_rho_P": -0.10058061940166849,
    "report/dummy/bin_accuracy_P": 0.10334796488427773
  },
  "experiment_name": "final_step1_combined",
  "run_name": "2026-06-09_07-13-13"
}