{
  "metrics": {
    "report/train_aug/coef_mse": 0.7873747944831848,
    "report/train_aug/coef_r2": -0.9673875642076393,
    "report/train_aug/coef_mse_amb_aware": 0.7873747944831848,
    "report/train_aug/field_mse_w": 0.7095038703570039,
    "report/train_aug/field_nrmse_w": 0.13286382701988475,
    "report/train_aug/spearman_rho_P": 0.9077176614571152,
    "report/train_aug/bin_accuracy_P": 0.477022229981378,
    "report/val/coef_mse": 0.964504063129425,
    "report/val/coef_r2": -1.0140055604208733,
    "report/val/coef_mse_amb_aware": 0.9135192036628723,
    "report/val/field_mse_w": 0.9046759299921073,
    "report/val/field_nrmse_w": 0.13354934985682518,
    "report/val/spearman_rho_P": 0.9674705198957799,
    "report/val/bin_accuracy_P": 0.5432766914959654,
    "report/test/coef_mse": 3396557.5,
    "report/test/coef_r2": -779.8295124290655,
    "report/test/coef_mse_amb_aware": 3395994.0,
    "report/test/field_mse_w": 2864742136426221.0,
    "report/test/field_nrmse_w": 900.4610836823977,
    "report/test/spearman_rho_P": 0.42670657436661974,
    "report/test/bin_accuracy_P": 0.15438983332363437,
    "report/holdout/coef_mse": 0.9686026573181152,
    "report/holdout/coef_r2": -0.9849637000730822,
    "report/holdout/coef_mse_amb_aware": 0.922783613204956,
    "report/holdout/field_mse_w": 4.083552415805415,
    "report/holdout/field_nrmse_w": 0.23798035213933727,
    "report/holdout/spearman_rho_P": 0.9163194057679231,
    "report/holdout/bin_accuracy_P": 0.5012867783985102,
    "report/dummy/coef_mse": 0.017382800579071045,
    "report/dummy/coef_r2": -1.4510998622976619,
    "report/dummy/coef_mse_amb_aware": 0.017382800579071045,
    "report/dummy/field_mse_w": 0.017101550287862033,
    "report/dummy/field_nrmse_w": 1.4320047939496767,
    "report/dummy/spearman_rho_P": -0.10397925289279704,
    "report/dummy/bin_accuracy_P": 0.09315864148266381
  },
  "experiment_name": "final_step1_combined",
  "run_name": "2026-06-09_07-13-13"
}