{
  "metrics": {
    "report/train_aug/coef_mse": 0.8065968155860901,
    "report/train_aug/coef_r2": -1.0154170502592135,
    "report/train_aug/coef_mse_amb_aware": 0.8065968155860901,
    "report/train_aug/field_mse_w": 0.6233435856356251,
    "report/train_aug/field_nrmse_w": 0.12453548622441012,
    "report/train_aug/spearman_rho_P": 0.9028246283842004,
    "report/train_aug/bin_accuracy_P": 0.4734962543887725,
    "report/val/coef_mse": 0.9623503684997559,
    "report/val/coef_r2": -1.0095084289353085,
    "report/val/coef_mse_amb_aware": 0.9350218772888184,
    "report/val/field_mse_w": 0.6523435866996127,
    "report/val/field_nrmse_w": 0.1134053279747347,
    "report/val/spearman_rho_P": 0.9697353672614234,
    "report/val/bin_accuracy_P": 0.5596725636250776,
    "report/test/coef_mse": 3068421.25,
    "report/test/coef_r2": -704.3947663829938,
    "report/test/coef_mse_amb_aware": 3068421.25,
    "report/test/field_mse_w": 2380689561075828.5,
    "report/test/field_nrmse_w": 820.8684500756848,
    "report/test/spearman_rho_P": 0.4601826641406564,
    "report/test/bin_accuracy_P": 0.16056984937538796,
    "report/holdout/coef_mse": 0.9831329584121704,
    "report/holdout/coef_r2": -1.0147406828996344,
    "report/holdout/coef_mse_amb_aware": 0.9327453374862671,
    "report/holdout/field_mse_w": 5.140038361212349,
    "report/holdout/field_nrmse_w": 0.2669962832030486,
    "report/holdout/spearman_rho_P": 0.9354128939823424,
    "report/holdout/bin_accuracy_P": 0.5244644630664184,
    "report/dummy/coef_mse": 0.028547724708914757,
    "report/dummy/coef_r2": -3.0254345351843526,
    "report/dummy/coef_mse_amb_aware": 0.028547724708914757,
    "report/dummy/field_mse_w": 0.04393121818155834,
    "report/dummy/field_nrmse_w": 2.2951620483918926,
    "report/dummy/spearman_rho_P": -0.03757697253282781,
    "report/dummy/bin_accuracy_P": 0.10122372971534982
  },
  "experiment_name": "final_step2_features",
  "run_name": "2026-06-09_19-16-24"
}