{
  "metrics": {
    "report/train_aug/coef_mse": 0.362872838973999,
    "report/train_aug/coef_r2": 0.0933015311793508,
    "report/train_aug/coef_mse_amb_aware": 0.362872838973999,
    "report/train_aug/field_mse_w": 36.87538768850957,
    "report/train_aug/field_nrmse_w": 0.9578503687603837,
    "report/train_aug/spearman_rho_P": 0.17115868650251637,
    "report/train_aug/bin_accuracy_P": 0.12766872526769088,
    "report/val/coef_mse": 0.6235918998718262,
    "report/val/coef_r2": -0.3021382312618004,
    "report/val/coef_mse_amb_aware": 0.5022751688957214,
    "report/val/field_mse_w": 41.69815234796688,
    "report/val/field_nrmse_w": 0.9066792281474558,
    "report/val/spearman_rho_P": 0.2552615388434241,
    "report/val/bin_accuracy_P": 0.16196461824953445,
    "report/test/coef_mse": 4320148.0,
    "report/test/coef_r2": -992.1523785147027,
    "report/test/coef_mse_amb_aware": 4320148.0,
    "report/test/field_mse_w": 1.1172613777625554e+16,
    "report/test/field_nrmse_w": 1778.2776622863262,
    "report/test/spearman_rho_P": 0.11819800554294543,
    "report/test/bin_accuracy_P": 0.104298057058892,
    "report/holdout/coef_mse": 0.5554884076118469,
    "report/holdout/coef_r2": -0.13836592256134717,
    "report/holdout/coef_mse_amb_aware": 0.522268533706665,
    "report/holdout/field_mse_w": 65.15796639641931,
    "report/holdout/field_nrmse_w": 0.9506174808496985,
    "report/holdout/spearman_rho_P": 0.20047559940639825,
    "report/holdout/bin_accuracy_P": 0.13731424581005588,
    "report/dummy/coef_mse": 0.00776388356462121,
    "report/dummy/coef_r2": -0.09476344705485618,
    "report/dummy/coef_mse_amb_aware": 0.0077128601260483265,
    "report/dummy/field_mse_w": 0.007310398251339311,
    "report/dummy/field_nrmse_w": 0.9362616816381422,
    "report/dummy/spearman_rho_P": 0.07978123724401416,
    "report/dummy/bin_accuracy_P": 0.07961248559013921
  },
  "experiment_name": "final_step0_base",
  "run_name": "2026-06-09_07-10-39"
}