{
  "metrics": {
    "report/train_aug/coef_mse": 0.7918050289154053,
    "report/train_aug/coef_r2": -0.9784573608714768,
    "report/train_aug/coef_mse_amb_aware": 0.779514729976654,
    "report/train_aug/field_mse_w": 0.4601612288219943,
    "report/train_aug/field_nrmse_w": 0.10700014971516328,
    "report/train_aug/spearman_rho_P": 0.9509291845803713,
    "report/train_aug/bin_accuracy_P": 0.5752278948925357,
    "report/val/coef_mse": 0.9771161675453186,
    "report/val/coef_r2": -1.040341272196621,
    "report/val/coef_mse_amb_aware": 0.9689404368400574,
    "report/val/field_mse_w": 0.607570513296961,
    "report/val/field_nrmse_w": 0.10944441509558701,
    "report/val/spearman_rho_P": 0.9805340078815462,
    "report/val/bin_accuracy_P": 0.6273277467411544,
    "report/test/coef_mse": 104830568.0,
    "report/test/coef_r2": -24098.341876017435,
    "report/test/coef_mse_amb_aware": 104830568.0,
    "report/test/field_mse_w": 2.977476246136541e+18,
    "report/test/field_nrmse_w": 29029.953010205252,
    "report/test/spearman_rho_P": 0.014327083161711789,
    "report/test/bin_accuracy_P": 0.09144762206121973,
    "report/holdout/coef_mse": 0.977444052696228,
    "report/holdout/coef_r2": -1.0030823935973467,
    "report/holdout/coef_mse_amb_aware": 0.977444052696228,
    "report/holdout/field_mse_w": 5.29615971954918,
    "report/holdout/field_nrmse_w": 0.271020768564606,
    "report/holdout/spearman_rho_P": 0.9632113399249842,
    "report/holdout/bin_accuracy_P": 0.6210431409062694,
    "report/dummy/coef_mse": 0.014756236225366592,
    "report/dummy/coef_r2": -1.0807354604597572,
    "report/dummy/coef_mse_amb_aware": 0.014692792668938637,
    "report/dummy/field_mse_w": 0.002013877802825757,
    "report/dummy/field_nrmse_w": 0.49140920631628027,
    "report/dummy/spearman_rho_P": 0.12657257583193013,
    "report/dummy/bin_accuracy_P": 0.11814179303006118
  },
  "experiment_name": "final_step3_scheduling",
  "run_name": "2026-06-10_00-23-36"
}