{
  "metrics": {
    "report/train_aug/coef_mse": 0.7901137471199036,
    "report/train_aug/coef_r2": -0.9742314316810838,
    "report/train_aug/coef_mse_amb_aware": 0.7869189381599426,
    "report/train_aug/field_mse_w": 0.23271422240147038,
    "report/train_aug/field_nrmse_w": 0.07609232188111044,
    "report/train_aug/spearman_rho_P": 0.9540052310118172,
    "report/train_aug/bin_accuracy_P": 0.6098323052451893,
    "report/val/coef_mse": 0.98515784740448,
    "report/val/coef_r2": -1.057133233437538,
    "report/val/coef_mse_amb_aware": 0.9745469689369202,
    "report/val/field_mse_w": 0.3118588947478909,
    "report/val/field_nrmse_w": 0.07841051892684014,
    "report/val/spearman_rho_P": 0.9880306030106574,
    "report/val/bin_accuracy_P": 0.6861111111111111,
    "report/test/coef_mse": 100722648.0,
    "report/test/coef_r2": -23153.97777532381,
    "report/test/coef_mse_amb_aware": 100714336.0,
    "report/test/field_mse_w": 2.872521058558601e+18,
    "report/test/field_nrmse_w": 28513.714100930363,
    "report/test/spearman_rho_P": 0.04514469804717032,
    "report/test/bin_accuracy_P": 0.09650353041589076,
    "report/holdout/coef_mse": 0.984889030456543,
    "report/holdout/coef_r2": -1.0183394056568207,
    "report/holdout/coef_mse_amb_aware": 0.984889030456543,
    "report/holdout/field_mse_w": 1.7652604089649908,
    "report/holdout/field_nrmse_w": 0.15646832234432892,
    "report/holdout/spearman_rho_P": 0.971537299962737,
    "report/holdout/bin_accuracy_P": 0.6493767846058348,
    "report/dummy/coef_mse": 0.013102613389492035,
    "report/dummy/coef_r2": -0.8475627213073291,
    "report/dummy/coef_mse_amb_aware": 0.013102613389492035,
    "report/dummy/field_mse_w": 0.002457345953198075,
    "report/dummy/field_nrmse_w": 0.5428250512812927,
    "report/dummy/spearman_rho_P": 0.030182439892302997,
    "report/dummy/bin_accuracy_P": 0.1142475835771925
  },
  "experiment_name": "final_step3_scheduling",
  "run_name": "2026-06-10_00-23-36"
}