{
  "metrics": {
    "report/train_aug/coef_mse": 0.8139907717704773,
    "report/train_aug/coef_r2": -1.033892129123481,
    "report/train_aug/coef_mse_amb_aware": 0.8139907717704773,
    "report/train_aug/field_mse_w": 0.7178315828616907,
    "report/train_aug/field_nrmse_w": 0.13364128857116886,
    "report/train_aug/spearman_rho_P": 0.8946192390559372,
    "report/train_aug/bin_accuracy_P": 0.4577219664125543,
    "report/val/coef_mse": 0.9556630253791809,
    "report/val/coef_r2": -0.9955443804973791,
    "report/val/coef_mse_amb_aware": 0.8941028118133545,
    "report/val/field_mse_w": 0.8812347901712192,
    "report/val/field_nrmse_w": 0.13180778974582671,
    "report/val/spearman_rho_P": 0.9646791817018077,
    "report/val/bin_accuracy_P": 0.5163159528243327,
    "report/test/coef_mse": 3408496.75,
    "report/test/coef_r2": -782.5741972324298,
    "report/test/coef_mse_amb_aware": 3408496.75,
    "report/test/field_mse_w": 2951980395623501.0,
    "report/test/field_nrmse_w": 914.0688615521357,
    "report/test/spearman_rho_P": 0.42385339285176005,
    "report/test/bin_accuracy_P": 0.15238387938392303,
    "report/holdout/coef_mse": 0.9777070879936218,
    "report/holdout/coef_r2": -1.0036214515324948,
    "report/holdout/coef_mse_amb_aware": 0.9433515667915344,
    "report/holdout/field_mse_w": 5.070170688550761,
    "report/holdout/field_nrmse_w": 0.2651754568114108,
    "report/holdout/spearman_rho_P": 0.9331585524162288,
    "report/holdout/bin_accuracy_P": 0.4930392613283675,
    "report/dummy/coef_mse": 0.030523071065545082,
    "report/dummy/coef_r2": -3.303972642198741,
    "report/dummy/coef_mse_amb_aware": 0.030523071065545082,
    "report/dummy/field_mse_w": 0.05436019678828558,
    "report/dummy/field_nrmse_w": 2.5530965637782717,
    "report/dummy/spearman_rho_P": -0.04344325218547582,
    "report/dummy/bin_accuracy_P": 0.08458854305223018
  },
  "experiment_name": "final_step1_rank",
  "run_name": "2026-06-09_07-13-09"
}